#{"t_start": 1606296566.176272, "env_id": null}
r,l,t
-4863.691633,1024,1.883345
-9498.516077,2206,4.321341
-20625.692654,1948,6.475207
-6648.123628,688,7.208348
-11893.297817,3096,10.614471
-4491.62256,965,11.655836
-41989.340005,4908,17.090026
-58469.874456,3059,20.40931
-7022.809079,2242,22.863235
-153419.576539,4059,27.329511
-48899.227992,4092,31.725595
-87157.248744,3413,35.407175
-1769.945248,1418,36.971929
-61029.289633,2399,39.582689
-213.339004,298,39.893203
-22311.709484,1820,41.904905
-146114.137557,9361,52.034862
-44495.756202,2971,55.172244
-12100.073126,2879,58.094722
-3037.033211,2337,60.542669
-106167.867562,7485,68.214217
-169245.875912,10000,78.476435
-24746.756969,5861,84.493435
-8833.280826,2128,86.704599
-17741.558249,6774,93.69394
-1015.824147,110,93.788517
100.0,1,93.79109
-6115.888234,2646,96.538055
-15214.797347,4779,101.418972
-83.57061,46,101.509649
-1747.064742,550,102.038877
-2325.107475,1463,103.519404
-21566.72647,2001,105.543693
-1517.179283,270,105.824171
-9398.802328,1441,107.357615
-12079.46291,1508,108.870839
-7902.150878,5416,114.52154
-3823.277823,898,115.451451
-3795.880667,1650,117.177078
-2547.902652,843,118.041491
-2108.407688,537,118.591145
-1078.936235,585,119.215584
-3932.49433,661,119.858989
-344.002099,367,120.249413
-5507.20452,894,121.175497
-1279.467354,735,121.926079
-86.000921,45,121.963808
-3359.855026,335,122.328958
-935.075267,466,122.785591
-2940.653804,397,123.212982
-2609.210958,444,123.684076
-689.399716,929,124.638407
-505.617156,1024,125.698839
-624.16688,516,126.196665
-766.109699,311,126.552103
-1454.294931,929,127.478594
-930.260049,347,127.802862
-169.990642,206,128.03095
-3836.75309,649,128.719976
-1706.483526,467,129.210064
-6204.850304,1337,130.572199
-2324.77295,258,130.824311
-22.457952,160,131.011053
-1417.000618,314,131.323654
-3528.312133,779,132.138538
-842.927779,1506,133.675459
-5137.197301,953,134.630945
-3515.043247,772,135.373925
-460.190689,567,135.981475
-7561.360274,745,136.74339
-358.209129,283,137.036769
71.938008,103,137.152671
-10246.051664,689,137.868581
-5065.473093,809,138.694818
-16982.663163,1179,139.880273
-2089.989677,765,140.653676
-346.717581,285,140.968662
-1061.683946,373,141.356644
-1174.168621,336,141.693158
-45.26235,32,141.72026
-1613.845818,698,142.439217
-723.865674,400,142.857718
-323.333261,195,143.063335
-356.437105,410,143.45884
-772.891127,449,143.915828
-2216.25181,222,144.1427
-5323.023314,721,144.901213
-1941.198238,441,145.313971
71.924932,180,145.535319
-2223.008391,349,145.871022
-152.239691,356,146.224513
-672.692111,186,146.402192
-1169.553701,409,146.866144
-1249.512012,414,147.299322
-5464.707601,548,147.846678
-123.398613,861,148.738175
42.257184,22,148.771274
-328.705349,213,149.0069
-1375.067565,1253,150.327099
45.075129,22,150.34895
-515.345447,98,150.423052
-1688.901211,371,150.815938
-718.012339,249,151.083067
-120.732303,132,151.221285
-189.397508,192,151.430809
-1293.257891,240,151.681072
-1852.19872,441,152.148056
-200.681196,235,152.390808
-2232.895953,433,152.826685
-3877.150643,641,153.493735
-1456.586854,446,153.958012
-2582.19992,451,154.393053
-2107.061235,520,154.925655
-213.095707,169,155.139429
-154.514969,358,155.499934
-111.436445,244,155.707997
-258.972022,238,155.961244
-1071.096003,348,156.342625
-361.013707,165,156.507285
-37.282501,113,156.637491
-16503.694953,644,157.301642
-389.483422,637,157.931173
-2239.827357,474,158.434679
-3425.603321,1026,159.521271
74.768638,172,159.689986
45.093787,237,159.919085
-469.930861,185,160.122167
-8717.526126,558,160.705014
-3653.984533,624,161.360938
-9032.99387,725,162.098049
-1495.069847,1267,163.398188
-9575.011828,647,164.056047
-60.726838,35,164.122362
-142.628436,151,164.277588
-2984.23796,586,164.854882
-23228.651461,728,165.601128
-14119.00144,684,166.306207
-4352.323315,580,166.898912
58.836973,131,167.034654
-359.720001,249,167.281132
-1327.714061,299,167.60785
-4240.576677,556,168.18793
-6524.983915,898,169.108417
-845.950548,315,169.423298
-354.202164,241,169.701619
-4349.449291,647,170.354805
-2363.076002,1624,172.085086
-3129.980702,468,172.556501
-20611.000445,711,173.293524
-145.106912,393,173.703173
-946.400872,185,173.913731
80.304437,85,173.974382
-3075.267299,575,174.567994
-193.981034,247,174.831758
-6481.645843,550,175.388914
-42.930591,122,175.51442
-3610.58014,584,176.105743
-7732.335068,558,176.689102
-5288.101323,565,177.252252
-1962.23646,941,178.250031
-5088.666335,599,178.855819
-422.24804,145,178.998871
-2298.860217,647,179.658168
-6917.761897,693,180.38972
-913.691813,238,180.631282
-2442.989165,543,181.171008
-3543.009394,884,182.066577
-268.918769,352,182.446907
-613.894586,220,182.649017
-5559.78503,570,183.263689
-2793.002041,543,183.783711
-113.4738,163,183.950993
-2373.405918,344,184.326111
-618.834014,163,184.487717
-84.408262,139,184.624335
-232.557575,44,184.697665
-927.184155,601,185.306382
-2670.262488,602,185.949045
-788.12006,601,186.582137
-853.143269,322,186.89196
-38.502966,100,187.007674
-1956.620194,431,187.446772
-1232.038804,252,187.703777
-736.39944,108,187.82319
-1142.100071,394,188.237371
-2910.11105,459,188.709194
-710.74619,440,189.160097
-3419.874516,994,190.184954
-3099.146098,597,190.811394
-5305.685775,771,191.632082
-95.961859,197,191.824605
-2025.887468,620,192.474621
-61.039341,181,192.685359
-246.331474,470,193.143639
-1176.572167,331,193.504972
-115.299106,143,193.63571
-421.968391,234,193.856787
-699.695532,263,194.118305
-309.188484,196,194.317125
-1228.2685,310,194.658864
71.728253,94,194.772255
-249.46319,271,195.051244
-336.070185,661,195.728107
-991.973131,259,195.974303
-2296.034847,480,196.468634
-522.114887,338,196.770159
74.880608,75,196.86428
44.246958,20,196.880547
-1.012387,111,196.997785
-39.370365,89,197.08914
-2032.968801,651,197.754234
-567.51491,542,198.331168
-3407.795586,595,199.009182
-166.346275,216,199.209289
-220.60269,179,199.414428
-54.537418,76,199.482517
-1719.50546,457,199.950734
-1807.007293,499,200.463849
-2205.517235,431,200.913192
-1898.276217,498,201.442432
-1556.947366,475,201.961062
-1135.220946,320,202.278277
-154.318624,172,202.445132
100.0,1,202.447729
-1775.229264,401,202.900571
-1103.991173,394,203.306155
-1446.19254,344,203.659991
-644.867266,225,203.899437
-7232.280019,550,204.458831
-2127.000022,1091,205.590072
-1171.341137,544,206.151507
-4438.059369,592,206.812365
-939.127673,827,207.647187
-629.368084,1033,208.690747
-442.671017,418,209.155889
-1265.615312,413,209.569463
-695.857966,1027,210.654596
-3168.824564,634,211.308141
-882.77588,387,211.711576
-1563.219219,452,212.174891
-1727.443434,185,212.388004
-51.682986,172,212.553665
-1897.95686,376,212.927575
-992.371923,509,213.475734
-1787.423765,519,213.989583
-3610.282598,558,214.546471
-422.551603,336,214.902523
-6526.091964,1675,216.637289
-1120.156127,343,216.991973
-190.15165,366,217.389716
-923.035264,372,217.737227
-5192.81735,467,218.211211
-2152.009393,371,218.595634
-466.060577,210,218.810824
-34.403717,178,218.975002
-2591.749098,329,219.344253
-295.741145,115,219.471781
-14.719369,133,219.610241
-662.304834,196,219.785464
84.083032,57,219.86572
54.202537,155,220.004035
-1328.355459,276,220.313323
0.825522,114,220.444526
-2120.618364,289,220.707171
-1481.021331,454,221.1732
-112.953757,259,221.455116
-1288.716195,330,221.780295
-1256.744546,338,222.137774
-231.56965,72,222.224028
-1491.222875,427,222.664213
-886.507372,191,222.848309
-2926.787747,527,223.441483
-1300.029362,241,223.651615
-1802.788015,295,223.976884
-593.99563,321,224.290384
-389.033275,121,224.434242
-776.547534,374,224.829556
-571.151711,330,225.197489
-1376.394931,420,225.627815
-276.799685,223,225.876168
-539.035504,136,226.017771
-103.865886,357,226.378616
-3193.232439,267,226.663828
-3197.167083,547,227.199505
-336.825641,133,227.338126
-1364.838461,350,227.732224
-176.219682,159,227.887645
-76.126738,363,228.2687
-140.922051,37,228.298575
-1277.852359,377,228.69136
-851.181332,354,229.064592
-747.278562,604,229.658611
-4433.146344,436,230.098666
-78.047038,307,230.394931
-946.039496,482,230.898793
-1843.627571,425,231.313817
-725.474519,382,231.736583
-299.500582,130,231.868712
-770.271261,352,232.222173
-1077.25247,277,232.498934
83.924972,77,232.600942
-193.407532,334,232.920995
-758.542253,241,233.164138
-364.241453,204,233.378596
-1222.603281,274,233.655622
-1661.907682,641,234.272704
-87.046143,189,234.479432
-441.598949,108,234.561421
-262.612745,108,234.692516
3.252608,132,234.824988
-2291.452905,831,235.716722
-1361.374427,481,236.213582
-2621.026041,579,236.733787
-1030.687749,382,237.087816
-410.700894,363,237.45622
-2325.268732,508,237.987021
-859.386758,362,238.364815
-1041.818835,382,238.759327
-1743.580227,435,239.167713
-1566.129539,297,239.462259
-39.850044,206,239.697904
-753.368542,331,240.049992
-1068.061945,284,240.339345
-739.317808,222,240.576751
-3756.544323,572,241.178945
-2.061027,153,241.339468
-110.769056,286,241.621434
-258.294907,48,241.694268
-786.550566,142,241.845556
-1533.740621,180,242.018948
-20.318877,99,242.13319
-465.242115,483,242.645508
72.510606,103,242.763044
-65.555424,235,243.036461
-683.753413,329,243.348844
-2307.939367,652,244.045635
-2234.4777,534,244.584753
-861.423619,241,244.840415
-779.762972,473,245.359935
-1462.829782,273,245.625478
-98.91816,233,245.867575
69.420115,89,245.997846
-382.423819,181,246.164402
-28.082345,175,246.318664
-118.740599,124,246.43875
45.901971,21,246.493593
-584.984428,230,246.701849
-57.82134,114,246.828254
-387.669216,209,247.089947
-3374.007534,466,247.545141
-2154.433098,200,247.770622
-556.874884,675,248.461949
-159.987843,164,248.660424
-775.209511,336,248.976064
-86.125928,189,249.221916
-578.031132,211,249.420635
-3923.781114,590,250.021795
-5047.167733,617,250.686381
-2201.367212,340,251.023775
-443.476898,175,251.240982
-547.489898,141,251.387708
-267.595557,352,251.771617
-1950.702814,608,252.365723
-393.487839,196,252.576954
-1234.957947,213,252.805847
-2917.126542,329,253.110158
81.165616,81,253.209209
-1691.109528,390,253.587897
-165.55094,63,253.634257
-2454.741785,643,254.286431
78.477507,126,254.408526
-1196.384354,255,254.656322
-517.443165,360,255.059697
-1919.225302,478,255.569923
-1780.318701,240,255.811372
-1809.153265,856,256.656513
-479.015163,298,256.978155
-996.639997,274,257.261417
-361.435964,251,257.533292
-606.653575,103,257.646379
-672.832502,215,257.83481
-402.417987,437,258.318597
-816.373219,138,258.466888
-154.813723,199,258.652274
-827.416814,414,259.099981
-3420.04988,577,259.698554
-1182.890032,258,259.97605
-156.592734,466,260.460805
-343.037333,441,260.911254
-628.631917,94,261.024736
73.033254,95,261.133698
-3827.534531,631,261.783931
-352.269785,283,262.053494
-831.215559,289,262.346896
-640.949771,275,262.638325
-1178.857549,358,263.001428
-228.962722,220,263.243572
-107.347341,93,263.351887
-901.954732,372,263.711017
-574.415799,135,263.850482
-1433.283959,380,264.226817
-2038.282655,569,264.844856
-942.616086,137,264.974942
-1936.062549,394,265.369528
-3625.94031,561,265.953239
-1081.082749,372,266.350581
-148.704772,483,266.866426
-558.177341,155,267.020189
-614.188648,297,267.3536
-3308.008352,340,267.692512
-756.280518,328,268.062967
-112.822306,169,268.232132
-751.601506,265,268.501904
-79.937531,184,268.710095
-1943.455482,321,269.035194
-3833.498404,584,269.641905
-1217.517332,465,270.113526
-2314.466293,537,270.660136
-3984.699185,579,271.22463
-596.72842,97,271.338287
-924.915352,260,271.591399
-1303.661868,301,271.901356
-1554.967402,406,272.299411
-132.155436,402,272.745601
-4204.143681,529,273.27772
-1517.07353,316,273.573409
-4220.489847,503,274.104103
46.286631,197,274.318833
-633.587539,76,274.370264
81.339916,91,274.477252
-5070.215996,658,275.160805
-238.875824,513,275.66853
-2616.851876,419,276.101457
-581.891359,91,276.211442
73.711199,88,276.317437
-2641.223889,474,276.784456
-326.130877,376,277.183262
-1304.510392,424,277.6238
-688.939058,353,277.95979
-18.117988,27,278.025082
-1873.737519,1193,279.244885
-851.747799,161,279.413384
52.522685,19,279.430049
-697.960092,317,279.772169
-1546.27859,353,280.138793
-959.58851,292,280.435002
-1705.035556,482,280.940913
54.74632,19,280.958393
19.844095,123,281.086364
-329.313666,175,281.272454
-556.352685,250,281.527343
-323.13087,370,281.913131
-1596.064997,239,282.162754
-702.856912,1171,283.350198
-200.334098,245,283.603327
-2451.587156,538,284.125198
-171.521273,169,284.296492
-1402.639777,393,284.710052
-248.449863,110,284.795084
-1624.714394,458,285.288395
-2668.275488,416,285.718593
-3712.711265,589,286.354554
-434.215956,106,286.473877
-1241.593963,475,286.94613
-498.546214,342,287.323701
-1037.693772,317,287.635378
10.182922,127,287.768601
-119.281957,33,287.82963
-800.859985,217,288.022325
-1150.909664,520,288.568446
-1508.49754,270,288.865394
-642.287028,366,289.200916
-2031.4925,361,289.589963
-151.459567,238,289.829087
53.750798,18,289.84643
-1693.759236,347,290.199638
73.135325,73,290.290603
-1839.32032,412,290.708549
-209.057176,352,291.066974
-261.44085,371,291.423615
41.55845,238,291.666524
52.870704,18,291.681825
-367.298406,172,291.880657
-483.651444,487,292.383785
-2340.587071,268,292.667754
-1381.698201,184,292.843231
-285.634158,114,292.966547
-1083.28319,405,293.369347
-712.809408,316,293.699504
-103.426063,158,293.846543
100.0,1,293.848182
41.819767,27,293.869864
-1613.401605,568,294.475243
-269.275809,309,294.796462
-2593.00035,395,295.225711
-579.259205,698,295.947547
-550.530918,136,296.124311
-14.573067,26,296.146854
-437.831406,222,296.343467
27.893165,406,296.812992
-834.896168,431,297.223536
-446.279985,689,297.909971
-1004.844312,244,298.143226
-1447.6509,565,298.752645
-2222.75322,408,299.163814
-1665.470109,265,299.437751
-1428.179219,177,299.6074
-179.880851,70,299.712961
-12.565608,434,300.13155
-312.190759,186,300.34255
77.778006,86,300.405925
-127.699369,272,300.720779
-29.614836,136,300.853992
-1489.766469,166,301.009651
-1945.460333,370,301.374019
-1193.663664,322,301.67343
-511.586782,299,302.006333
-831.351281,291,302.287063
-705.931395,125,302.419789
-90.377462,144,302.557115
-1104.531964,290,302.856733
-418.668702,440,303.337056
-130.107227,90,303.406919
64.585492,16,303.456693
73.572652,140,303.595684
-1736.340808,331,303.944298
-949.755628,182,304.162713
-2808.632711,361,304.505261
50.127835,23,304.561967
-357.239323,148,304.710326
-1309.762871,190,304.906575
-883.070006,245,305.158319
-1302.391854,145,305.304404
-410.589981,82,305.39802
-431.425687,267,305.674167
-82.515276,90,305.781971
-129.535946,171,305.973827
-360.702676,366,306.347464
-875.651823,166,306.503939
27.857237,119,306.632113
58.463621,228,306.873868
-1363.835176,351,307.259848
-83.836461,97,307.334045
-1351.00699,525,307.883247
-153.500344,38,307.913758
-191.68772,407,308.361225
21.070747,325,308.689307
-373.276898,347,309.032724
-3219.539222,498,309.524669
-1943.978403,410,309.945306
-140.035865,35,310.010262
-1381.417846,220,310.227495
77.058238,69,310.320411
-565.956555,275,310.593526
-1429.966765,441,311.059649
-437.231375,274,311.368555
-1282.966447,290,311.642101
-1402.213744,360,312.011928
-1072.895553,315,312.327717
-2145.485101,238,312.56567
-2917.407864,409,312.981021
-681.708091,132,313.127749
-1936.134831,350,313.498308
-80.538418,106,313.609368
-3651.9236,506,314.15398
-306.409742,420,314.594928
-90.181311,278,314.883631
-181.640222,305,315.202234
-1347.957018,462,315.668529
-120.576316,31,315.694284
-1818.603811,354,316.05492
-493.040859,78,316.144731
-756.305777,258,316.409698
-633.540226,305,316.704066
-692.058005,147,316.847411
58.426059,18,316.900536
57.099875,18,316.916156
-614.12627,276,317.17756
-2873.087302,499,317.689479
-1517.157362,363,318.072894
-592.61141,127,318.197832
-465.658326,273,318.468785
-530.138061,378,318.848554
-468.382325,236,319.096207
-1473.956251,345,319.443943
-868.342429,160,319.603195
-151.613184,241,319.849535
-130.152812,183,320.07487
-72.14815,114,320.203825
-1451.459585,350,320.512966
53.390907,19,320.57028
21.134575,123,320.696982
-987.045586,237,320.912038
-297.512513,154,321.10655
-840.740053,508,321.650626
-451.854286,553,322.201937
-405.111418,75,322.25569
-1189.34146,370,322.64101
-63.467638,106,322.75715
-303.837477,98,322.87101
-1385.021319,386,323.255344
-1048.885356,328,323.594534
23.499927,253,323.85445
-928.460232,126,323.975735
-396.413846,80,324.067232
-184.828662,182,324.26801
-105.350174,63,324.314119
-57.591255,122,324.43747
54.151766,26,324.459347
-4255.121724,500,325.007005
-436.673274,282,325.291706
63.485468,146,325.440792
-2077.881117,232,325.683117
-553.721978,411,326.089563
-600.371169,266,326.404089
-2114.880296,252,326.643611
-2650.939654,402,327.097598
56.574053,20,327.115871
-305.55759,180,327.290695
-1719.461861,230,327.538259
-2026.120636,513,328.056597
-2876.729992,272,328.323787
-3135.066807,546,328.885958
-419.836504,170,329.080473
-471.720494,177,329.251502
-728.807481,351,329.620218
-1249.115007,228,329.875038
-109.102927,391,330.269599
-3351.438705,697,330.974663
-2417.031662,629,331.616417
-3007.077763,554,332.161517
-97.552916,404,332.612097
-592.693986,153,332.76636
-481.393291,302,333.033763
-3001.107487,451,333.489709
-4893.547811,665,334.170874
61.682957,17,334.187295
-2903.120058,547,334.710918
-271.759728,90,334.822447
-1043.499243,411,335.219625
-631.174205,211,335.447373
-700.924285,351,335.788084
-154.402938,247,336.048633
-223.9293,377,336.436087
-552.059363,244,336.683307
-1973.689934,422,337.151181
-3060.149684,382,337.528686
-1339.149965,610,338.121265
-261.398214,80,338.218988
-314.095252,106,338.351417
87.644117,56,338.393717
-1339.357405,430,338.857028
-445.497271,192,339.026076
-1213.037749,196,339.24136
-1192.450864,182,339.412202
-167.0746,398,339.796407
-183.061565,316,340.157792
-237.759011,150,340.303813
-77.492256,121,340.432707
-99.968704,60,340.482223
-711.859177,268,340.747476
-2186.181843,303,341.081069
23.986077,153,341.232343
-629.633903,216,341.472023
-810.911501,249,341.696498
-1944.54258,569,342.315884
-1152.550469,309,342.61521
-928.450413,403,343.031692
-296.894606,96,343.138741
-4386.428691,500,343.652081
-993.310015,405,344.08271
77.512876,67,344.161501
-420.186204,362,344.529337
-1463.908725,404,344.935075
-468.399306,237,345.195969
-211.63929,325,345.511732
-1477.048964,346,345.87492
-865.174619,415,346.295275
-868.311126,205,346.523417
-452.482075,150,346.675552
-712.861793,285,346.952554
-67.905141,104,347.067462
-590.952444,144,347.214916
-702.964076,242,347.464847
88.258093,60,347.511014
-983.223774,278,347.814066
23.063471,183,347.987421
-1116.264344,214,348.230867
-712.286385,360,348.604491
-445.547985,249,348.824551
-286.626153,108,348.939484
-521.056408,331,349.300248
-9.127033,106,349.414745
-1038.701687,241,349.656828
-851.096787,255,349.90768
-485.099244,209,350.098045
-1246.391746,422,350.567764
-498.49264,100,350.642378
-784.268898,242,350.905183
-127.819739,34,350.931946
-263.911209,106,351.032392
81.119811,133,351.172549
-1834.891596,359,351.554222
63.250503,15,351.567002
-25.748531,170,351.761439
-325.20014,276,352.026118
-1126.933633,259,352.29907
-3722.634649,564,352.859163
-159.085097,478,353.371188
-808.709106,159,353.52861
-939.762272,288,353.80723
-617.53887,242,354.065797
-2662.735947,508,354.598828
26.662991,131,354.733904
-289.74646,148,354.876477
-8.157072,137,355.056124
69.33438,163,355.215526
-1130.674924,285,355.514551
-817.297007,224,355.746592
-88.909972,146,355.889125
-741.404679,210,356.120225
-481.752822,304,356.43499
-395.222404,188,356.602622
-1464.942989,293,356.929771
-70.478976,89,356.992622
-474.76769,435,357.463001
-1304.866819,249,357.717647
-1083.834609,127,357.847356
-53.802245,102,357.960737
35.419993,90,358.030252
-97.390179,78,358.128051
-62.718054,170,358.289197
-3516.569081,425,358.718412
62.006152,16,358.766957
-775.276573,376,359.150175
-134.332566,151,359.303574
72.685813,214,359.514632
73.54676,99,359.624418
-422.92306,136,359.763551
-931.40087,294,360.08396
-304.122185,98,360.161022
-113.55996,29,360.220755
-921.725525,249,360.42625
-677.336979,153,360.635987
-474.606726,81,360.696407
-978.526618,456,361.178689
-1642.092034,338,361.532264
8.60502,29,361.592843
16.194954,114,361.713235
-253.686357,117,361.83824
-1731.715134,416,362.247109
-1306.758755,472,362.745126
-102.545384,62,362.831967
-856.9972,166,362.995575
-803.19358,177,363.203182
-244.100974,83,363.263916
-532.626392,233,363.495556
-2091.391973,337,363.8603
-5.252021,119,363.990256
40.839544,293,364.292562
-692.021796,327,364.597974
-448.895879,198,364.827879
-184.06491,361,365.20076
-57.629256,294,365.506162
-609.430036,236,365.785646
54.258931,226,366.023052
-343.409146,161,366.182709
-1558.343908,416,366.569901
-666.426536,348,366.958974
-167.998394,226,367.187942
-114.956997,308,367.479794
-366.907952,84,367.577849
-20.435588,363,367.973542
-164.396694,250,368.211697
-1358.529169,384,368.589318
-1402.53832,279,368.879606
-400.411275,75,368.942467
-134.97661,272,369.244299
-421.882596,457,369.728686
-188.069446,115,369.879884
-1291.927848,521,370.382538
-245.123658,74,370.475602
-303.900389,198,370.661374
-330.664456,149,370.807652
-174.6611,101,370.948473
-275.605997,97,371.055084
-1131.164622,437,371.492961
-141.659938,305,371.824661
-579.698284,75,371.871974
-633.011087,384,372.294215
-331.651574,494,372.808483
-48.109166,144,372.954699
-690.618878,237,373.232516
-1166.986199,274,373.504749
-1844.432346,387,373.888087
-804.011086,126,374.028477
18.912071,259,374.293034
-284.915819,258,374.563236
-308.660073,208,374.798927
-105.241187,274,375.075361
-274.647186,264,375.345075
-788.5516,374,375.721268
-190.358253,127,375.853442
-248.672745,328,376.224584
-112.038677,153,376.378788
-120.192526,211,376.577581
-2641.96002,342,376.921676
-1.057652,29,376.946346
-59.040033,101,377.051872
-179.962926,172,377.234949
-623.980668,204,377.457133
-60.756249,199,377.667974
-2282.884123,402,378.068897
63.291466,15,378.082615
-60.293931,98,378.22821
76.062501,170,378.39369
-777.577931,265,378.649078
-193.582947,235,378.888947
-4886.465649,548,379.456231
0.652702,82,379.552248
-168.800836,96,379.657212
-173.248274,91,379.727006
18.680022,111,379.849383
-1457.554145,271,380.123175
-1101.133806,214,380.35929
-1220.474887,331,380.702179
-1054.195102,484,381.170905
-503.990054,285,381.47181
-84.078662,119,381.598724
-1328.503689,152,381.773275
27.064075,206,381.957267
-220.98262,192,382.180874
-1163.760874,376,382.556213
-84.616974,126,382.690112
-475.081821,249,382.95174
-332.119183,168,383.116525
-773.790554,482,383.613184
-284.142153,341,383.971821
-1771.560646,470,384.484098
-1164.200613,294,384.774266
-121.353874,142,384.926168
-273.325884,812,385.780301
-1161.519542,213,385.979221
-12.172201,102,386.094541
-2346.29717,471,386.600588
86.518819,138,386.745149
-57.518722,164,386.901055
-1165.619079,328,387.245044
-636.25894,148,387.392378
-1273.609795,371,387.805467
-552.517491,216,388.041166
-606.561625,223,388.228555
-232.728022,102,388.336948
-856.224,292,388.628251
-1510.64477,356,389.013551
-816.719629,315,389.346936
-49.206365,192,389.509602
65.232546,283,389.80942
-662.721691,216,390.030638
-1166.737016,262,390.293866
-945.690266,181,390.463737
-867.396537,286,390.76698
-352.823095,221,390.952196
-66.121759,200,391.165052
-16.942904,304,391.472062
-300.272502,355,391.849295
-1370.363463,337,392.218798
-275.330913,182,392.382614
-959.048948,128,392.516284
-278.788367,132,392.655967
-0.90706,346,393.019237
-557.619262,225,393.250155
-352.258317,95,393.31736
-1432.807976,379,393.709985
-445.543651,258,393.975581
-1042.382343,262,394.24192
-1531.274003,345,394.577059
-1272.089312,263,394.833376
-867.990778,167,395.011901
-657.77867,264,395.279327
99.98491,2,395.281733
52.999472,20,395.298322
-641.232627,225,395.536954
-135.647796,321,395.840615
-685.841236,311,396.148579
-564.828854,221,396.392063
-1616.209559,211,396.617468
-701.533101,245,396.880985
-95.625319,29,396.903813
-1505.289237,223,397.146398
-63.268086,82,397.211673
-1357.758602,397,397.628611
-244.870631,323,397.99083
-1811.777049,289,398.269842
-343.352585,109,398.382053
-2542.613315,383,398.778441
-3429.344768,436,399.195401
-1123.853929,472,399.680143
-249.458578,482,400.179446
-650.373805,121,400.307809
80.801746,112,400.42881
-1765.530071,360,400.814177
54.789865,18,400.830664
-685.243335,149,400.981487
-393.800722,530,401.496309
-312.050254,250,401.741263
-271.203111,355,402.103909
-546.079376,162,402.258136
-183.002077,344,402.611855
-781.642162,360,402.992745
-1420.859486,386,403.37851
51.962264,21,403.396735
-1692.459781,360,403.736333
-1411.502507,500,404.238679
-607.481614,393,404.614256
-17.359129,113,404.731198
-2836.275025,511,405.249004
11.553253,170,405.456862
-1419.456959,209,405.657051
-339.659915,151,405.820497
-197.506426,640,406.451449
-2812.88599,449,406.944843
-1112.428726,374,407.321724
-59.598317,216,407.556244
-63.950886,168,407.703747
-865.532212,198,407.893296
-4311.678426,414,408.333133
-4651.109985,599,408.922273
-1607.613431,330,409.279994
-81.408369,121,409.410417
55.869824,21,409.429243
-1283.889313,388,409.823595
-1006.583639,401,410.249884
-342.709735,309,410.584775
62.471175,15,410.599463
83.368483,94,410.674353
-2941.241955,518,411.238111
-1201.008485,174,411.409584
-984.477069,480,411.897628
-6.965843,406,412.321799
-105.142552,248,412.569343
-861.508472,274,412.840372
-1386.284918,179,413.022274
-1338.000477,169,413.212154
-650.474462,77,413.273041
-384.322635,518,413.787666
86.555863,61,413.869585
-671.546512,237,414.109006
-441.015039,550,414.646167
-1556.912114,420,415.085621
-2433.571992,490,415.593634
1.994428,33,415.62035
-1468.901501,369,415.993512
-84.995141,28,416.016628
-615.695925,321,416.370546
-1523.11604,341,416.736433
-738.673308,223,416.93241
-118.475596,327,417.299529
-965.468016,314,417.593632
-835.408794,291,417.926422
-36.275522,233,418.147825
-1713.936015,501,418.677889
-281.164631,430,419.152122
58.089403,17,419.169285
-790.724215,191,419.348955
-239.325831,215,419.562164
-750.795801,119,419.686862
-3303.437266,514,420.208197
-1395.536589,235,420.456661
-97.335143,210,420.642359
-2017.87506,376,421.029984
44.869462,251,421.304201
-115.541263,161,421.488779
-311.792829,236,421.687201
-393.398201,247,421.934641
-57.902025,102,422.047302
-2352.021883,410,422.464154
-1224.256245,360,422.837661
-239.853057,149,422.988623
-290.500544,188,423.204477
-3350.042645,389,423.574624
-531.199084,514,424.106098
-95.222909,318,424.420669
-694.319308,188,424.635325
-288.720194,79,424.69372
-7.747083,149,424.873131
-66.718458,153,425.020153
-982.311536,187,425.199353
-992.758015,403,425.593523
-2933.643192,374,425.967167
2.507799,34,426.029798
-1239.547605,323,426.351674
-424.917827,160,426.503024
-1325.601371,308,426.823842
-178.449587,37,426.851249
89.174864,109,426.970815
-289.07305,95,427.073993
-193.958316,97,427.143459
-530.762021,227,427.397099
78.197721,74,427.494185
-247.9271,273,427.771425
72.188196,120,427.887454
-3349.496483,454,428.338663
79.921821,52,428.414788
88.889913,122,428.539393
-5.762342,39,428.56937
-785.483758,397,428.977661
-1242.578671,164,429.135015
-800.67462,169,429.327269
93.47394,90,429.400482
24.178417,372,429.791293
-201.409838,324,430.126735
58.975486,16,430.141699
37.677747,429,430.580523
-12.441923,802,431.416384
-783.182829,129,431.559914
-714.374759,770,432.350404
-1320.425523,509,432.887852
5.263185,88,432.954902
-366.65418,355,433.333148
-1295.054837,198,433.563347
-110.230975,739,434.293401
-699.11428,498,434.808879
-175.870092,326,435.150318
-284.48632,74,435.201086
-1038.159652,348,435.573842
-1098.295082,221,435.8092
-422.569005,331,436.135254
-708.139988,143,436.31557
83.106203,98,436.388503
1.530907,93,436.492437
-200.753453,338,436.858255
-264.703107,577,437.415788
-717.375929,244,437.665341
-624.737261,262,437.916196
-2218.612176,401,438.306594
-1110.14532,320,438.665402
-1957.033271,434,439.088395
-79.049509,121,439.211873
-2930.249499,444,439.686829
-136.858883,38,439.718758
-17.823704,136,439.859274
-1957.319724,517,440.356349
-515.384122,276,440.633669
-23.126092,105,440.753676
-72.521311,111,440.868185
-456.514673,448,441.314487
-792.290006,308,441.649191
10.815245,33,441.687244
100.0,1,441.688671
-1974.02395,392,442.074956
-187.421189,102,442.189641
-1854.773043,451,442.612478
-1189.279023,315,442.961313
58.342848,333,443.282151
-103.206661,56,443.363169
-197.931833,299,443.666828
-3677.081258,550,444.199056
-267.648184,74,444.293479
-83.634298,29,444.318955
-1842.056732,366,444.7083
-1071.344291,279,444.998913
-3170.845497,708,445.711208
0.874002,33,445.752387
-1288.968039,529,446.290324
-1151.502534,323,446.63894
-471.354048,137,446.785716
-348.148352,81,446.848803
-1579.910845,365,447.215029
-1397.769324,179,447.415162
-2780.433907,488,447.918809
-844.393787,313,448.229376
-109.729914,135,448.373535
-2265.721299,238,448.626918
-506.405847,295,448.932574
-1649.379492,352,449.302251
-602.472996,253,449.566043
-1127.622533,225,449.803929
-73.297329,97,449.894481
33.197668,125,450.028819
-303.506686,479,450.584474
-547.951712,334,450.921682
-13.274141,492,451.415717
-1048.320794,320,451.722739
-1839.504003,365,452.092898
-298.2467,327,452.441415
-509.452148,494,452.92186
-9.087427,74,453.022533
-1434.826556,325,453.343498
-2182.063864,236,453.592135
-2155.859021,719,454.362141
-962.577381,410,454.744855
-649.70987,207,454.96049
-1554.955732,390,455.360033
-3465.433175,610,456.003593
-1708.11242,406,456.429184
-1060.383095,234,456.674711
-103.0377,31,456.697105
85.10765,73,456.746537
-2058.115742,539,457.319765
-1002.01079,486,457.791158
-665.031559,312,458.135591
-1159.9181,183,458.316495
-385.306646,301,458.642836
-1219.575842,326,458.966907
1.805189,517,459.484711
-637.505337,190,459.704514
-900.306818,325,460.003487
-551.572649,258,460.286443
-160.066762,169,460.483472
1.443315,180,460.655188
-247.014231,350,461.011206
-1889.180236,388,461.405876
-99.266018,68,461.458766
-2593.226644,473,461.940423
-691.692732,303,462.233115
-2151.552204,399,462.619673
100.0,1,462.622341
-921.92321,526,463.17722
-356.365513,225,463.39267
-2540.632615,309,463.73497
86.209038,72,463.79401
-245.209975,166,463.993339
-777.326817,351,464.332598
-94.387425,161,464.527026
-44.556222,218,464.723171
-1152.469708,345,465.096234
-28.955146,342,465.467434
-816.885442,281,465.752898
75.910378,195,465.93412
-1244.692931,252,466.186238
-1438.915006,370,466.563777
-984.562734,326,466.906701
54.850496,18,466.923168
-4786.812326,516,467.44768
-851.341176,414,467.853697
-674.83501,329,468.213379
-306.587714,189,468.403112
5.64527,40,468.468019
-104.546194,168,468.630394
-557.232065,118,468.757175
82.315076,133,468.89357
-711.78481,276,469.150458
-1079.287101,567,469.727886
21.939243,161,469.92347
-1122.207152,560,470.471082
-772.309228,133,470.610192
9.6931,140,470.759476
-18.381331,144,470.908498
-323.526164,263,471.185198
-1296.244443,322,471.523133
-32.244801,191,471.70081
-879.356939,241,471.945554
-682.902838,336,472.29142
-462.012271,330,472.626704
-368.405469,205,472.851086
-1962.201775,277,473.132122
-556.30678,386,473.517861
-1051.430662,262,473.781935
-104.893011,149,473.934493
-304.057578,297,474.252596
-272.429495,178,474.421422
-2655.125407,600,475.024
86.385443,56,475.062825
-836.656574,278,475.34288
-514.474313,375,475.715441
100.0,1,475.717972
-189.123196,40,475.786886
-436.418518,74,475.83631
-5188.464042,568,476.447744
-522.903549,204,476.652042
-109.339079,251,476.914454
-609.676659,267,477.180864
-1943.395199,402,477.623223
-972.180007,408,478.028111
-1376.46438,348,478.36076
-2443.153522,341,478.743004
72.396363,131,478.882894
-78.586159,93,478.992617
-481.220935,238,479.246569
-233.427263,276,479.523158
-657.51536,236,479.778251
-82.845009,29,479.801073
-345.243994,149,479.950562
-1413.093523,287,480.228634
-129.005409,66,480.318849
73.484778,162,480.470437
-912.564205,164,480.622003
-203.870608,105,480.745711
-1368.908406,173,480.945623
-1726.112709,276,481.215191
-1209.563472,480,481.671309
-3428.415754,455,482.152241
-3179.59234,400,482.554385
50.865307,247,482.834455
-2326.8126,262,483.09253
-68.841723,256,483.348916
-329.554857,113,483.467884
71.723912,201,483.695519
-127.016927,65,483.749182
-1901.771927,323,484.101644
-2661.334044,401,484.502145
-262.635363,527,485.037944
-1003.301435,352,485.407966
-625.062409,359,485.737632
-821.504091,196,485.960863
-4.895026,321,486.280313
-215.273763,325,486.623991
-644.395674,242,486.883996
-47.592073,121,487.012091
76.481992,188,487.190796
-128.365458,190,487.403126
-1235.611696,219,487.601793
-581.031431,288,487.947604
-1454.284692,349,488.268099
-711.99165,484,488.760633
2.36907,451,489.231127
-340.714136,366,489.606452
-455.79984,267,489.87132
-422.988316,140,490.030748
-1524.241144,354,490.389165
-4896.981196,729,491.0802
-102.841702,159,491.271711
-3288.360134,418,491.673242
-871.443607,180,491.842501
-1856.514863,366,492.233583
70.140682,148,492.376357
-1830.472818,268,492.637622
-4258.765344,445,493.109877
-678.93008,267,493.376269
-2086.387022,261,493.633105
-819.288505,508,494.164398
-40.23977,189,494.334859
-352.201362,181,494.53961
-838.018201,328,494.854644
-1161.332028,377,495.250453
76.488159,273,495.498671
-66.169815,268,495.763139
82.966026,63,495.848619
21.714976,278,496.139826
15.041709,28,496.164463
-419.546393,247,496.414691
41.208985,143,496.56121
20.453374,30,496.621597
-4.609276,99,496.695791
-4313.397284,508,497.213418
-14.415761,156,497.400369
-694.395566,243,497.624809
-1030.866568,159,497.779033
-786.828371,283,498.062764
-69.576829,160,498.219648
-71.443425,103,498.331035
-1053.396867,417,498.735028
-160.010877,141,498.869813
-1244.198585,182,499.100818
16.285296,31,499.126905
-2965.885407,381,499.514476
-2368.495093,480,499.98894
-200.778353,172,500.163493
-4236.99369,545,500.680306
-630.659786,229,500.910079
62.702737,16,500.924367
-371.038815,515,501.443035
-835.145581,325,501.782492
82.860289,84,501.879704
-41.639409,127,501.978376
-3260.150441,532,502.569205
-1963.01733,366,502.938815
-50.71208,148,503.098274
-2125.389473,301,503.375601
65.314155,14,503.387949
-518.246419,120,503.512628
-2298.485717,373,503.867206
-2384.185659,288,504.166253
-711.054051,241,504.402403
-685.035643,218,504.637795
-856.460459,331,504.939812
-1674.448688,380,505.331325
-114.48513,230,505.559511
-1771.371814,407,505.947621
-1217.433586,386,506.350942
-874.826906,247,506.613577
-45.992273,142,506.759175
85.393875,72,506.851896
-2115.187872,378,507.243529
-1903.322094,482,507.734486
99.986535,2,507.737861
-3176.433502,634,508.374682
-2577.251385,463,508.827746
-20.951518,144,508.970509
-1348.693179,301,509.315769
5.133659,143,509.460473
-167.358762,399,509.860816
23.866261,104,509.97152
-1550.935258,435,510.384292
-2463.643758,476,510.85717
-1496.261356,331,511.176307
-31.808789,167,511.375559
-108.376522,67,511.430729
-3363.967557,479,511.911218
-2557.416254,561,512.45445
-313.744815,105,512.575001
-63.268919,197,512.796833
-2619.058577,347,513.14247
-330.459637,88,513.217889
-2591.537487,455,513.697057
-1130.341648,325,514.017489
-354.109101,199,514.247748
-1136.989083,342,514.602815
-9.264683,30,514.629571
-258.804766,96,514.742987
-727.511953,266,514.994962
-69.289511,86,515.060543
4.327501,129,515.183157
-102.690147,67,515.282552
-920.17353,170,515.450631
-123.577325,214,515.682082
-2905.058306,493,516.180204
-320.96468,75,516.253524
-578.148902,259,516.560625
-601.65336,179,516.771994
-82.212119,279,517.057316
22.592978,257,517.317367
-275.329147,198,517.505971
74.320306,65,517.603199
-147.833496,366,517.963498
-2378.767352,277,518.235571
-366.393201,327,518.56276
-596.892633,279,518.873799
-898.127965,379,519.267276
-62.870427,98,519.347622
-305.441634,76,519.456
-606.21989,316,519.747699
-393.9369,199,519.972455
-1219.398574,476,520.482797
-1634.173833,481,520.956086
-1698.445692,313,521.30295
-86.760285,100,521.419148
-1306.981904,335,521.759709
-374.361607,285,522.068201
-6255.408066,646,522.734728
-1859.233524,819,523.555881
-905.321175,367,523.944439
-1273.095556,494,524.460449
-170.537267,311,524.761854
-2183.90476,549,525.299463
-62.042449,98,525.405876
86.377758,117,525.530353
-38.684316,92,525.650737
-669.624102,464,526.085127
-1910.491323,429,526.564867
69.544174,96,526.690902
66.882061,76,526.752004
-114.993041,142,526.890951
-4406.252931,586,527.476428
-228.448133,150,527.629571
-606.441887,339,528.000882
-951.758617,297,528.275255
-1213.360564,372,528.663579
-89.529251,161,528.826208
-277.521947,294,529.115025
-165.406341,474,529.588932
-522.70583,291,529.886379
-143.818374,255,530.146993
-942.476448,366,530.511786
-76.786282,316,530.867288
-1243.435332,532,531.390533
-1543.935607,614,532.035997
-423.679164,237,532.284323
-1462.951354,997,533.309532
-29.443957,126,533.436712
-837.744606,382,533.835586
-4521.828636,510,534.356023
-126.37087,416,534.803833
-477.682665,272,535.095398
-1.395314,139,535.240205
-1093.152324,456,535.676412
-2394.147418,1498,537.203465
-861.489946,341,537.569245
54.031354,257,537.83619
-73.625342,195,538.034315
-2097.205439,312,538.354841
73.641589,215,538.561392
-189.965377,113,538.67819
-994.522102,335,539.03248
-2146.59919,464,539.481654
-49.203924,232,539.728294
-773.281853,346,540.089014
-706.029436,399,540.492119
-70.422232,137,540.630833
-156.131248,110,540.742337
-2016.36879,530,541.280118
-5007.187455,594,541.893535
-3064.641629,403,542.317837
-132.103048,230,542.572768
99.696436,11,542.582753
-286.460628,71,542.629514
-2562.689491,494,543.129149
-47.662465,103,543.258407
-310.091706,78,543.353581
70.363401,12,543.364715
-2418.725402,310,543.672581
-1761.327047,348,544.03564
36.585501,93,544.148077
-281.812681,72,544.193234
-297.939813,135,544.32758
-2884.49554,489,544.808788
-1672.712245,330,545.171584
-906.958307,189,545.347254
-4750.779536,482,545.844508
-291.592152,104,545.954555
-1223.94034,309,546.267963
-571.038175,275,546.545741
-1085.541424,429,547.007913
-245.952289,156,547.175921
-4.003192,110,547.301364
-101.2608,133,547.441529
-46.442196,108,547.557502
-1333.016377,210,547.749213
-263.041137,71,547.83733
-1398.494203,394,548.259802
-1632.927609,336,548.584159
-370.715106,328,548.906281
-152.100125,92,549.007863
-102.632831,133,549.147656
63.771021,15,549.161132
-1110.14682,166,549.331526
-60.571829,94,549.433207
100.0,1,549.435445
-2180.787446,285,549.709728
-878.182566,262,549.964324
-1512.454917,518,550.50512
25.815727,85,550.607289
-713.638522,350,550.979618
-2285.082653,448,551.446757
-4104.738371,407,551.866368
-184.818725,72,551.963303
-1498.986398,324,552.276025
-1498.560439,222,552.533365
-491.913803,282,552.799531
-2651.651862,492,553.295601
-316.667908,99,553.419937
-47.227842,89,553.523423
-114.161181,348,553.845749
66.342041,14,553.890705
-163.908478,37,553.918854
-560.452788,332,554.230356
-1423.87348,339,554.604607
-2514.484366,366,554.975619
62.631042,14,554.988615
-1514.28685,435,555.421247
-149.609096,95,555.524037
-285.463843,108,555.641577
21.72336,91,555.743454
-44.116717,99,555.810767
-4127.4737,494,556.321835
27.946911,87,556.43856
-834.592891,511,556.958614
100.0,1,556.961241
-3294.866887,362,557.34641
86.325588,69,557.4034
-206.83909,389,557.812493
-715.50559,250,558.066045
-19.101116,136,558.200239
34.742233,80,558.291987
-2928.059412,414,558.723959
-74.359181,157,558.913932
-446.956515,130,559.052201
-2181.962259,432,559.490953
-1485.71456,198,559.69349
-421.538815,186,559.90483
-320.581753,151,560.048677
-197.624776,71,560.138886
34.41687,99,560.207936
-89.858933,138,560.343627
-625.97727,227,560.596535
-1746.682376,379,560.961107
-893.845347,204,561.183205
-1207.395631,252,561.437401
-636.441413,237,561.680137
-2111.965549,531,562.187011
-189.473758,132,562.319657
-1000.84941,343,562.691078
-1196.809655,299,562.971683
-278.37276,127,563.100806
-121.029046,182,563.268758
-213.880633,118,563.38215
-588.711095,320,563.721861
-496.422962,121,563.845957
-2748.253088,447,564.256225
-720.042052,257,564.527678
-430.553524,126,564.670486
-1360.555957,183,564.874424
-1083.010491,373,565.208448
64.536374,14,565.258441
-1618.372588,435,565.699275
-296.193822,369,566.082548
-782.857998,339,566.416817
-541.785251,433,566.898249
-882.292331,360,567.270318
-87.606366,169,567.426492
62.465368,263,567.698874
100.0,1,567.701529
-137.429207,33,567.729599
-39.7103,83,567.828563
84.792754,78,567.919308
-261.628232,69,567.973017
-62.174726,387,568.371593
-226.849335,308,568.712485
-481.887528,199,568.908485
-760.391276,215,569.137994
-62.556394,59,569.181874
-248.633036,281,569.468407
-228.612178,220,569.694462
-2094.068486,372,570.078145
-775.354781,365,570.441186
-609.160767,266,570.717316
-152.062065,43,570.766224
63.515454,209,570.982176
-606.161728,281,571.246049
-294.269128,167,571.410186
-147.820173,91,571.520114
-799.753339,293,571.817636
-176.612326,164,572.009207
21.721684,99,572.1268
-702.1815,369,572.468167
-39.222879,75,572.559344
-817.439015,221,572.795405
-10.381495,174,572.955872
-109.659095,229,573.198881
-2157.643477,354,573.574854
-1157.33155,316,573.905774
77.137392,197,574.124415
-1901.371912,299,574.426032
-743.699263,350,574.793217
-19.539538,142,574.948901
-991.753339,357,575.322294
-629.00687,306,575.62681
-69.991016,489,576.140665
-3513.79567,507,576.664439
-553.699238,234,576.910587
-133.452829,156,577.071425
-510.561266,123,577.198017
29.358169,93,577.303874
-182.895387,312,577.606786
-1109.38544,394,578.003297
-1436.038805,206,578.226789
-1965.593179,432,578.646199
-2999.509591,442,579.097351
-245.852094,305,579.4336
-2121.619611,430,579.839971
-66.517989,121,579.966945
-1876.751136,443,580.443955
-167.703312,135,580.579965
-1706.076838,451,581.022272
-1263.266494,204,581.271817
-25.090943,97,581.381857
-51.282083,90,581.449926
-512.755476,124,581.572526
-2805.163457,422,582.045012
89.505277,106,582.139743
-566.634497,336,582.499515
-250.033186,192,582.669751
-1164.919393,294,582.990831
-46.661278,23,583.010231
-544.116231,196,583.20747
100.0,1,583.210412
-1838.712598,305,583.552922
-2132.449786,463,584.017076
-46.045585,86,584.12023
-2379.672148,574,584.732875
-1369.515698,296,585.015942
-1014.358534,282,585.303016
-1093.511716,344,585.660115
-31.875154,87,585.763056
-805.818583,193,585.940662
-1979.783537,339,586.339856
-467.565309,201,586.520977
-433.075317,291,586.846983
-2790.424555,389,587.247695
85.357107,41,587.279356
-161.019091,157,587.443926
-836.463098,448,587.891446
-263.152303,100,587.967561
-376.511652,200,588.179865
-2838.314298,422,588.623829
-2408.891585,502,589.155806
-1819.876236,358,589.546555
-1404.131843,335,589.908923
-43.53688,175,590.087806
-232.511314,113,590.20505
-442.526573,327,590.530626
-1941.475688,372,590.889191
-1054.103742,308,591.209882
-235.46089,122,591.336407
-123.845636,281,591.620815
21.298254,104,591.732594
-2071.37175,241,591.9805
-137.470629,269,592.248749
-638.492498,292,592.568967
-2127.109077,463,593.028194
-2524.215867,489,593.515564
-777.479391,385,593.89864
-657.571527,301,594.227239
-66.185609,167,594.396064
-1768.932794,338,594.771728
23.269546,25,594.79276
-546.50548,166,594.952643
14.506867,83,595.052942
-585.33904,283,595.334498
33.464372,29,595.358781
45.975384,245,595.611882
-4314.984772,550,596.160815
100.0,1,596.164521
-3890.815584,434,596.640457
-1070.507009,309,596.941943
-819.823354,288,597.268559
58.82752,207,597.454658
-1358.266461,352,597.82793
-249.18054,385,598.215791
70.082549,12,598.227256
-907.248527,247,598.466066
-2084.560766,424,598.886942
25.248586,29,598.911366
-158.566166,99,599.021216
-1792.142051,571,599.612278
27.476363,133,599.762629
-729.393474,317,600.075921
64.797703,215,600.299685
-1004.723461,216,600.535215
-638.874032,311,600.849207
-300.903394,196,601.068097
92.946214,91,601.139433
-90.324954,419,601.594407
-763.474898,319,601.900813
-917.703678,294,602.171487
70.008218,12,602.182115
95.648178,65,602.265928
-7.091642,145,602.413264
-162.883072,115,602.537923
-3439.744424,439,602.967454
-2173.212941,537,603.538742
-435.659978,147,603.690921
79.525755,168,603.86939
-155.838706,155,604.018779
69.11778,13,604.030747
-1457.085284,200,604.242489
-10.6325,130,604.366074
-117.873188,147,604.518887
-1305.391648,309,604.821227
-71.598367,192,605.042619
-1126.90628,196,605.248411
-1423.620929,426,605.673281
32.488062,104,605.791442
-56.074895,89,605.874215
-613.694042,224,606.118767
-371.481609,234,606.358527
-2098.026502,334,606.702344
69.752455,99,606.775543
-76.146465,147,606.936213
-1139.427731,271,607.23767
-242.336005,217,607.432986
-2720.317838,631,608.106001
-268.682926,167,608.303065
-468.544509,134,608.435777
-922.862517,199,608.620045
88.792919,127,608.752637
-1869.251721,532,609.295546
-1652.822932,404,609.706042
-23.011642,111,609.829505
-897.666082,343,610.216492
67.948259,13,610.229048
-964.818929,204,610.44801
-1443.892054,235,610.666423
-169.154444,331,611.029277
-1813.61493,316,611.356138
-3646.260818,364,611.708561
-3184.366823,379,612.123034
30.407166,28,612.181331
70.749776,76,612.233478
-898.34304,258,612.504908
-231.824979,136,612.650546
-165.164353,167,612.848243
-321.811078,245,613.047644
-545.512148,131,613.188105
-1144.207536,192,613.399852
-29.33934,265,613.661556
-22.262272,124,613.786816
34.177649,90,613.89037
50.504512,235,614.143767
-3209.062747,498,614.605974
-953.656261,366,614.994507
-1199.421769,180,615.214897
-897.372427,284,615.504302
69.040201,90,615.611344
-1232.010953,270,615.881154
-661.798432,384,616.261085
-2154.206303,255,616.51884
-782.776297,179,616.684675
-809.884039,301,616.982001
-74.279946,212,617.235283
-1452.642381,337,617.568074
-743.747386,173,617.726395
-254.771696,127,617.854416
-1320.012678,323,618.204626
-252.552186,247,618.47894
81.156191,174,618.652174
-729.578616,168,618.816775
-376.16821,290,619.125987
-631.748867,236,619.340833
-218.112878,83,619.440841
-462.369231,407,619.854946
-2134.765789,481,620.366997
-377.012994,327,620.666627
-1228.582133,199,620.882003
-651.047732,207,621.103073
-3263.935669,575,621.697164
-43.239959,308,622.034474
-1887.014857,227,622.235019
-1066.258433,338,622.598733
-1383.248675,359,622.958602
-648.15487,295,623.233501
-256.426148,82,623.345669
-614.777633,214,623.549933
-3530.309459,442,624.015233
-1564.399722,309,624.314506
-57.030331,400,624.729099
-3239.051692,527,625.273992
-56.373854,137,625.426079
26.448956,32,625.453566
-721.134441,405,625.856005
-783.001678,355,626.225234
-1064.852969,337,626.556603
-25.866423,126,626.679367
-157.116702,101,626.792899
-1447.270468,226,627.032616
-235.048318,98,627.140158
-526.796991,348,627.468838
-162.392421,110,627.589742
-1627.112154,318,627.945369
-3488.623009,439,628.370373
-240.372274,83,628.483367
-3246.451169,493,628.96973
-1055.173881,499,629.498756
29.171879,36,629.527404
-492.419223,244,629.780031
-1342.641511,435,630.187186
79.592828,140,630.326867
-1429.761257,201,630.549544
27.778168,284,630.835852
-571.377657,213,631.062143
-1744.463625,398,631.463289
68.682293,13,631.476683
-722.764058,265,631.741551
-1724.573718,328,632.081248
-171.502185,76,632.13623
-612.61358,234,632.382463
-884.533136,425,632.794451
-237.804917,83,632.900751
-322.28858,460,633.38619
-965.374198,383,633.777914
-404.439536,173,633.941064
-81.127534,245,634.181707
-1427.869696,357,634.542923
-1651.282249,421,634.964237
-2892.422486,451,635.4099
71.453767,12,635.457868
-581.24263,271,635.737182
-1310.007365,335,636.056902
29.543356,27,636.081541
-713.29039,324,636.423164
-34.316501,80,636.515407
-41.948276,54,636.556616
-720.036619,226,636.796723
-759.970331,345,637.12079
-2325.687947,504,637.660755
-375.374476,128,637.798987
-447.941787,530,638.363883
32.453824,111,638.447202
-99.513314,160,638.635655
-160.866733,140,638.786464
-886.606439,262,639.040421
-75.583612,93,639.138222
-3561.153283,473,639.571517
31.564777,98,639.694758
-61.66458,29,639.71878
-79.052952,206,639.941246
3.495482,89,640.047114
-225.96815,303,640.325101
-1353.059383,235,640.576744
-547.072738,328,640.889772
-2486.644285,480,641.372712
-527.597903,130,641.508932
-1692.945057,349,641.864642
-1426.232531,395,642.254404
-213.513101,97,642.355343
-1678.281106,325,642.677571
-711.165583,232,642.920979
-232.979892,277,643.186173
-1038.136116,309,643.515018
-150.082704,277,643.798226
-156.321134,355,644.154951
-34.443316,77,644.212532
-560.189703,408,644.625134
-2500.589729,398,645.045836
-947.38645,369,645.425529
-53.924497,59,645.509487
-200.478163,108,645.628448
-565.749583,201,645.821354
-46.805599,102,645.930406
-760.843444,300,646.217305
-691.730885,305,646.543983
-607.636439,257,646.790071
-267.366365,178,646.947073
-35.591647,158,647.107932
-4155.482802,484,647.594473
-17.747118,137,647.741009
-69.90927,221,647.979385
-383.673253,225,648.220705
-3083.579329,349,648.539068
-63.556326,77,648.631215
-296.792354,454,649.116166
-843.826667,181,649.284331
-676.248934,294,649.586201
-459.561488,304,649.934895
-930.166973,341,650.258224
-48.229654,68,650.345468
-599.804452,286,650.630318
-94.62028,157,650.777999
37.369407,150,650.940354
-836.242399,369,651.321285
-72.305858,30,651.38034
-557.585131,138,651.519482
-1842.687903,359,651.864226
62.276131,235,652.101904
-124.304897,195,652.317115
-1810.252312,364,652.727219
-2721.108622,398,653.13427
-780.775367,291,653.427588
-536.022365,242,653.688257
-2582.0625,298,653.993429
-49.889393,95,654.100723
-240.881426,224,654.343698
-37.038358,122,654.466673
90.996283,119,654.587221
-1711.334289,412,654.998846
-819.416597,375,655.390356
-959.293301,313,655.698473
13.383175,86,655.801495
-66.680231,157,655.958347
-1244.798736,362,656.326615
-541.850333,268,656.597997
-1011.875322,172,656.751895
-706.499296,354,657.109926
58.244928,192,657.317553
-3014.011785,441,657.755268
-610.486504,392,658.155554
-118.587685,136,658.290883
-1286.708635,269,658.559914
27.269997,45,658.629345
-50.780791,59,658.677791
-1056.147054,197,658.891442
-763.842424,316,659.218552
-632.193661,300,659.510688
-842.070825,194,659.729601
-756.428893,311,660.021608
-2727.128338,450,660.509728
-38.831193,77,660.604223
-326.247907,165,660.75712
-231.212542,82,660.816068
-136.103526,92,660.918102
-100.76893,179,661.112319
-1011.04761,254,661.371544
-216.338273,71,661.419806
-1436.998888,297,661.712209
-1122.11147,227,661.940616
-490.484568,120,662.06917
-1263.555922,345,662.448866
-267.595336,173,662.61402
-812.79734,163,662.77675
-94.101649,371,663.180079
-230.301004,299,663.507317
-360.17698,123,663.639565
-184.546098,266,663.91328
-2359.322802,320,664.246992
-720.111201,244,664.499051
-1292.825246,272,664.764462
-40.008076,23,664.782849
-1858.362993,334,665.122837
-31.332113,75,665.213836
-524.565678,215,665.427845
-981.514096,320,665.776413
-396.703661,134,665.913647
-1702.333765,353,666.286569
-1181.734264,421,666.703104
-423.139404,173,666.869802
51.538756,187,667.089287
-26.326917,230,667.330277
-2475.88785,417,667.748703
-666.112723,221,667.986219
-807.983577,488,668.473728
-380.546952,134,668.612356
-1781.174157,280,668.936697
-60.411597,64,668.986918
-2926.617056,344,669.348765
-389.750697,129,669.502166
-2744.43595,430,669.927525
-330.94807,169,670.085457
-42.407012,59,670.169876
-1279.894836,372,670.547811
-300.662365,173,670.714891
-3473.850106,395,671.116256
-445.223453,495,671.640918
-159.768614,151,671.783897
-35.437983,132,671.915638
-43.391521,21,671.967816
-4480.221324,472,672.408312
-181.949473,84,672.521579
-3088.601093,452,672.958188
-837.464183,250,673.199463
-341.029552,344,673.571769
69.278432,92,673.677251
-1187.59646,317,673.990645
-496.623057,344,674.356213
-378.376563,232,674.608544
13.123824,126,674.744007
-3026.70378,292,675.027775
-218.732627,181,675.204889
100.0,1,675.207682
-1908.744056,492,675.722843
67.993618,15,675.736804
-241.754351,96,675.842933
1.405774,462,676.324536
-10.245664,191,676.504417
-1030.605833,172,676.719973
-1378.038989,323,677.023093
-502.703722,125,677.15155
-577.189999,137,677.28044
-455.69093,154,677.427754
15.384786,163,677.620961
-4535.785067,477,678.098552
80.513825,138,678.23278
-138.506304,235,678.477025
-929.066569,325,678.823861
-808.112487,257,679.088615
-587.510146,209,679.289613
79.59054,225,679.523323
-233.12073,138,679.669273
-2142.830107,419,680.121191
-8.128121,156,680.27696
-477.080283,124,680.401913
-247.261338,112,680.524047
-1953.602721,228,680.750975
68.529099,212,680.983982
-1190.554749,196,681.203491
-459.882093,157,681.351747
-2166.320137,258,681.606835
-322.056045,464,682.075884
-233.238696,194,682.287221
-598.706178,240,682.534381
-3542.922861,460,682.987976
-911.314141,219,683.222435
-193.073006,318,683.546984
100.0,1,683.549152
-456.366655,260,683.829795
92.980804,93,683.896465
-624.718887,250,684.157801
-2686.186666,433,684.638838
-2155.731981,516,685.176111
-1681.127331,360,685.550921
-3340.059795,396,685.95344
-1713.508496,315,686.254035
-719.282496,173,686.424722
-59.995316,69,686.513803
-1222.352524,190,686.694414
-797.050427,244,686.964192
-29.305702,149,687.145264
-389.414715,421,687.581276
-1496.740803,226,687.814163
-804.662238,301,688.107649
-768.133835,404,688.510666
31.452657,24,688.531752
-900.03171,412,688.980481
-1969.448095,387,689.378159
-67.060059,110,689.460763
-534.355984,139,689.636673
-1664.740128,346,689.955058
-708.176887,285,690.259338
-747.397861,177,690.46421
83.53647,166,690.626234
-294.715145,301,690.901536
-288.699069,198,691.13252
-55.18476,62,691.183814
-485.351355,253,691.430336
-251.910137,82,691.524747
-231.65004,174,691.68428
-11.513891,126,691.824119
-2396.576157,411,692.288144
-850.762951,296,692.564145
-253.67144,145,692.709806
30.645894,23,692.729475
-215.157861,452,693.202047
-197.464533,231,693.44267
-1128.162465,246,693.70115
-982.457773,228,693.906442
-1230.281998,497,694.440662
-60.405065,214,694.67449
-2975.831068,324,694.986523
-1029.065228,318,695.349156
-1876.592763,372,695.712776
-4.516978,105,695.828918
-1350.814842,261,696.092309
-1595.262797,366,696.474177
-39.988961,214,696.67519
-607.119415,261,696.949503
-610.292884,231,697.200214
-64.94101,92,697.316406
-282.879051,163,697.466093
-262.854911,197,697.67143
-346.77842,576,698.247411
-225.240365,129,698.38025
-50.304111,115,698.501021
-617.102376,200,698.712459
-9.80017,124,698.836151
100.0,1,698.83795
-556.732518,148,698.98257
-2775.070294,396,699.394139
-1825.64127,306,699.69433
-45.127102,21,699.712727
-2562.527797,415,700.172467
-1224.366722,190,700.365263
-749.538923,274,700.64827
-396.454075,393,701.050804
100.0,1,701.054074
-582.946746,249,701.310055
-56.952093,95,701.433017
-1248.830303,199,701.646969
-2591.924205,350,701.963376
-239.70579,107,702.080579
-1148.014665,387,702.477824
-2823.36711,515,702.990248
-227.408361,250,703.252004
27.87954,31,703.27824
69.579012,13,703.291626
100.0,1,703.293081
-882.655533,277,703.625876
-2607.534081,424,704.040973
-554.135585,305,704.330477
-49.956353,80,704.437667
-253.934286,239,704.687206
-1791.754678,272,704.957438
-1092.715049,252,705.217913
-1934.731437,505,705.733059
-2209.268594,273,705.996243
-1707.67146,365,706.364173
38.595331,129,706.507497
-58.890803,23,706.525976
-278.724211,165,706.691191
83.691775,86,706.796296
-721.572445,331,707.149833
-2027.395233,404,707.580085
-178.330118,155,707.735777
-76.319952,185,707.91161
-1549.922795,391,708.318701
-898.230742,392,708.743104
-268.325273,221,708.976269
-114.597302,273,709.265809
-198.104629,348,709.636857
-1040.215901,175,709.805749
-230.296343,102,709.9219
-1074.270542,301,710.250365
-319.061887,251,710.490944
-1179.833502,377,710.858551
-243.067059,267,711.163519
-731.385229,177,711.33306
-389.260496,130,711.467053
-52.151979,71,711.552835
-960.378215,284,711.828105
-160.015815,242,712.079393
64.728869,188,712.252556
-92.616878,280,712.5323
-1532.250346,443,713.028553
-230.515046,86,713.096906
68.368478,12,713.143147
-1335.207864,333,713.460767
100.0,1,713.463145
-1506.362122,524,714.011389
-160.717932,98,714.119905
-2865.825676,456,714.606635
-884.292562,226,714.817273
-515.901407,137,714.957412
-1217.312473,192,715.178061
-275.819627,383,715.57431
-1303.839232,308,715.892344
-604.031882,404,716.29981
-407.62471,244,716.533668
-691.817876,221,716.763972
-667.75573,287,717.069147
-388.500121,125,717.19949
-2453.893028,548,717.755656
-376.051007,125,717.896857
-92.274591,256,718.158482
-1134.966954,174,718.323992
-579.033799,148,718.455295
-2329.212446,531,718.991436
-277.693665,143,719.133337
-214.250796,416,719.585673
-263.798894,177,719.738726
-455.753981,924,720.665685
-1534.725384,417,721.080447
-698.851172,387,721.450457
-29.043813,245,721.696642
-694.635451,387,722.102121
-440.434674,128,722.230205
-1164.940564,335,722.575792
-2593.923725,472,723.12304
-144.204584,105,723.241429
70.657671,12,723.25118
-1920.557578,538,723.807714
